1.292698088140020296e+00,1.000000000000000000e+00,4.000000000000000000e+00
1.152578260420469736e+00,5.000000000000000000e+00,2.000000000000000000e+00
1.201220703386849609e+00,5.000000000000000000e+00,2.000000000000000000e+00
-6.609712235666823643e-01,1.000000000000000000e+00,2.000000000000000000e+00
2.671334972028384103e-01,1.000000000000000000e+00,4.000000000000000000e+00
2.376652374773532417e-01,5.000000000000000000e+00,2.000000000000000000e+00
2.826916230195664070e+00,1.000000000000000000e+00,4.000000000000000000e+00
6.710259060205045145e+00,5.000000000000000000e+00,4.000000000000000000e+00
2.411049414722452156e+00,1.000000000000000000e+00,4.000000000000000000e+00
5.272161341665946743e+00,5.000000000000000000e+00,4.000000000000000000e+00
-1.476556035037742021e+00,1.000000000000000000e+00,4.000000000000000000e+00
-3.915135280637426773e-01,1.000000000000000000e+00,2.000000000000000000e+00
2.593795460241960504e-01,1.000000000000000000e+00,2.000000000000000000e+00
2.517054420716903884e+00,5.000000000000000000e+00,2.000000000000000000e+00
7.760279282298220949e+00,5.000000000000000000e+00,4.000000000000000000e+00
6.682607821928113090e+00,5.000000000000000000e+00,4.000000000000000000e+00
1.653571257661315741e+00,1.000000000000000000e+00,4.000000000000000000e+00
8.325823816075921258e+00,5.000000000000000000e+00,4.000000000000000000e+00
9.430430896563097853e-01,5.000000000000000000e+00,2.000000000000000000e+00
1.328108965127506313e-01,1.000000000000000000e+00,2.000000000000000000e+00
6.920987287631742646e+00,5.000000000000000000e+00,4.000000000000000000e+00
1.982481561480150756e+00,1.000000000000000000e+00,4.000000000000000000e+00
5.661654134375701197e+00,5.000000000000000000e+00,4.000000000000000000e+00
1.292429666400731980e+00,1.000000000000000000e+00,2.000000000000000000e+00
6.677188166899135358e-02,1.000000000000000000e+00,2.000000000000000000e+00
7.750484752268338440e+00,5.000000000000000000e+00,4.000000000000000000e+00
1.257850590970645666e+00,1.000000000000000000e+00,4.000000000000000000e+00
3.933909999376666633e+00,5.000000000000000000e+00,2.000000000000000000e+00
1.486219729984853632e+00,1.000000000000000000e+00,4.000000000000000000e+00
8.018842358414879357e-01,5.000000000000000000e+00,2.000000000000000000e+00
1.612976643905719154e+00,5.000000000000000000e+00,2.000000000000000000e+00
2.971181985031428940e+00,5.000000000000000000e+00,2.000000000000000000e+00
2.779007981981941322e-01,5.000000000000000000e+00,2.000000000000000000e+00
4.111058801748229130e-01,1.000000000000000000e+00,2.000000000000000000e+00
1.866238902689226542e+00,1.000000000000000000e+00,4.000000000000000000e+00
2.364107488717092309e+00,1.000000000000000000e+00,4.000000000000000000e+00
6.955592348082785037e+00,5.000000000000000000e+00,4.000000000000000000e+00
1.267732360206128561e+00,1.000000000000000000e+00,4.000000000000000000e+00
1.145230045851876266e+00,5.000000000000000000e+00,2.000000000000000000e+00
-8.577630776368088128e-01,1.000000000000000000e+00,2.000000000000000000e+00
1.975971830339890101e+00,1.000000000000000000e+00,4.000000000000000000e+00
1.105517494003989576e+00,1.000000000000000000e+00,4.000000000000000000e+00
7.302422004778470921e+00,5.000000000000000000e+00,4.000000000000000000e+00
3.065501614358982607e+00,5.000000000000000000e+00,2.000000000000000000e+00
2.519294562820036942e-01,1.000000000000000000e+00,4.000000000000000000e+00
-4.867813321544252614e-01,1.000000000000000000e+00,2.000000000000000000e+00
1.915990684464178306e+00,1.000000000000000000e+00,2.000000000000000000e+00
-4.807220258417761460e-01,1.000000000000000000e+00,2.000000000000000000e+00
5.669786545222659235e-01,1.000000000000000000e+00,4.000000000000000000e+00
2.069046961953163177e-01,1.000000000000000000e+00,2.000000000000000000e+00
7.250241487374196048e-01,1.000000000000000000e+00,4.000000000000000000e+00
-4.585976326202827469e-01,1.000000000000000000e+00,4.000000000000000000e+00
-2.581665890040274469e+00,1.000000000000000000e+00,2.000000000000000000e+00
-9.136950991778522990e-01,1.000000000000000000e+00,2.000000000000000000e+00
1.052945583147642861e+00,1.000000000000000000e+00,2.000000000000000000e+00
2.366135469652167478e-01,5.000000000000000000e+00,2.000000000000000000e+00
1.625779657117634169e+00,1.000000000000000000e+00,4.000000000000000000e+00
9.364918795153343467e+00,5.000000000000000000e+00,4.000000000000000000e+00
1.151869638140041507e+00,5.000000000000000000e+00,2.000000000000000000e+00
1.765105597640421520e+00,5.000000000000000000e+00,2.000000000000000000e+00
-4.331837683974634756e-02,1.000000000000000000e+00,2.000000000000000000e+00
4.966638633954013393e+00,5.000000000000000000e+00,4.000000000000000000e+00
8.214916672195085923e+00,5.000000000000000000e+00,4.000000000000000000e+00
8.669231284783293745e+00,5.000000000000000000e+00,4.000000000000000000e+00
7.238290724218296113e+00,5.000000000000000000e+00,4.000000000000000000e+00
1.841584084123394360e+00,5.000000000000000000e+00,2.000000000000000000e+00
6.727676063813127882e+00,5.000000000000000000e+00,4.000000000000000000e+00
-7.065194353193882115e-01,1.000000000000000000e+00,2.000000000000000000e+00
-7.409804386418783473e-02,5.000000000000000000e+00,2.000000000000000000e+00
6.002470312084561499e+00,5.000000000000000000e+00,4.000000000000000000e+00
8.399422238220225267e+00,5.000000000000000000e+00,4.000000000000000000e+00
3.054458216254474223e-01,1.000000000000000000e+00,4.000000000000000000e+00
6.430181910388023780e+00,5.000000000000000000e+00,4.000000000000000000e+00
-1.999960013104901402e-01,1.000000000000000000e+00,2.000000000000000000e+00
-1.089330806493370662e+00,5.000000000000000000e+00,2.000000000000000000e+00
6.530703760492839294e+00,5.000000000000000000e+00,4.000000000000000000e+00
2.374356515593563532e+00,5.000000000000000000e+00,2.000000000000000000e+00
2.664973998155085066e+00,5.000000000000000000e+00,2.000000000000000000e+00
-2.915968536372628983e-01,1.000000000000000000e+00,2.000000000000000000e+00
1.371995912054460698e+00,5.000000000000000000e+00,2.000000000000000000e+00
2.768280428612096555e-01,5.000000000000000000e+00,2.000000000000000000e+00
6.962151525619047376e+00,5.000000000000000000e+00,4.000000000000000000e+00
8.901068725742703691e+00,5.000000000000000000e+00,4.000000000000000000e+00
-9.814980281097938908e-02,1.000000000000000000e+00,2.000000000000000000e+00
9.301970706250461962e-01,1.000000000000000000e+00,4.000000000000000000e+00
2.015258363961401677e+00,1.000000000000000000e+00,4.000000000000000000e+00
2.528161117852818940e+00,1.000000000000000000e+00,2.000000000000000000e+00
-8.286721102229076541e-01,1.000000000000000000e+00,2.000000000000000000e+00
5.924785702869658444e+00,5.000000000000000000e+00,4.000000000000000000e+00
4.935599190056406016e+00,5.000000000000000000e+00,4.000000000000000000e+00
1.458770261353462772e+00,5.000000000000000000e+00,2.000000000000000000e+00
6.908999893033242579e+00,5.000000000000000000e+00,4.000000000000000000e+00
1.238523262911989109e+00,1.000000000000000000e+00,4.000000000000000000e+00
-1.251216684132177293e-01,1.000000000000000000e+00,2.000000000000000000e+00
6.053396839088228454e+00,5.000000000000000000e+00,4.000000000000000000e+00
-2.913305080414427262e-01,1.000000000000000000e+00,2.000000000000000000e+00
2.046629117379329621e+00,5.000000000000000000e+00,2.000000000000000000e+00
4.088591235780149602e-01,1.000000000000000000e+00,2.000000000000000000e+00
8.098509595407268336e+00,5.000000000000000000e+00,4.000000000000000000e+00
3.576950521686502737e-01,5.000000000000000000e+00,2.000000000000000000e+00
9.443405455084423750e-01,1.000000000000000000e+00,4.000000000000000000e+00
1.006777769269009859e+00,1.000000000000000000e+00,4.000000000000000000e+00
-8.045274196232974351e-01,5.000000000000000000e+00,2.000000000000000000e+00
2.221844385410189471e+00,1.000000000000000000e+00,2.000000000000000000e+00
-4.428838638214189771e-01,1.000000000000000000e+00,4.000000000000000000e+00
2.569485405831335889e+00,5.000000000000000000e+00,2.000000000000000000e+00
7.890303933177433393e+00,5.000000000000000000e+00,4.000000000000000000e+00
4.782139788607430830e+00,5.000000000000000000e+00,4.000000000000000000e+00
-1.216709722218286771e+00,5.000000000000000000e+00,2.000000000000000000e+00
1.734436211346217060e+00,5.000000000000000000e+00,2.000000000000000000e+00
8.972241246807511672e+00,5.000000000000000000e+00,4.000000000000000000e+00
2.488901351049312538e+00,5.000000000000000000e+00,2.000000000000000000e+00
7.405105222182910119e+00,5.000000000000000000e+00,4.000000000000000000e+00
6.262153253938633313e+00,5.000000000000000000e+00,4.000000000000000000e+00
7.537234045722026821e+00,5.000000000000000000e+00,4.000000000000000000e+00
1.738120024792622065e+00,1.000000000000000000e+00,4.000000000000000000e+00
1.324746388032649769e+00,5.000000000000000000e+00,2.000000000000000000e+00
2.735399648637666381e-01,5.000000000000000000e+00,2.000000000000000000e+00
9.997607844974146118e+00,5.000000000000000000e+00,4.000000000000000000e+00
2.038518422633107008e+00,1.000000000000000000e+00,4.000000000000000000e+00
7.936995644326271915e+00,5.000000000000000000e+00,4.000000000000000000e+00
1.130182092143993788e+00,5.000000000000000000e+00,2.000000000000000000e+00
7.671835759205812622e+00,5.000000000000000000e+00,4.000000000000000000e+00
-7.580811965019788046e-01,1.000000000000000000e+00,2.000000000000000000e+00
-9.608312618897441038e-01,1.000000000000000000e+00,4.000000000000000000e+00
8.614680410193869875e+00,5.000000000000000000e+00,4.000000000000000000e+00
-3.462534985980469937e-01,1.000000000000000000e+00,2.000000000000000000e+00
6.738010194496894201e+00,5.000000000000000000e+00,4.000000000000000000e+00
3.077351174825826430e-01,5.000000000000000000e+00,2.000000000000000000e+00
1.490848296572355292e+00,1.000000000000000000e+00,2.000000000000000000e+00
2.107314938160004480e+00,5.000000000000000000e+00,2.000000000000000000e+00
1.424809095342116416e+00,1.000000000000000000e+00,2.000000000000000000e+00
1.667575813806493112e+00,5.000000000000000000e+00,2.000000000000000000e+00
7.807821315388860484e+00,5.000000000000000000e+00,4.000000000000000000e+00
7.309909704939374642e-01,5.000000000000000000e+00,2.000000000000000000e+00
8.637048587358014951e-01,5.000000000000000000e+00,2.000000000000000000e+00
8.016344244457215495e+00,5.000000000000000000e+00,4.000000000000000000e+00
-2.918110174818995262e-01,5.000000000000000000e+00,2.000000000000000000e+00
-9.091023843515690928e-01,1.000000000000000000e+00,2.000000000000000000e+00
-3.037975207836112190e-01,5.000000000000000000e+00,2.000000000000000000e+00
-1.317949807011290220e-01,1.000000000000000000e+00,2.000000000000000000e+00
1.514573725774252644e+00,1.000000000000000000e+00,4.000000000000000000e+00
8.146979713575488447e+00,5.000000000000000000e+00,4.000000000000000000e+00
-2.505505054839884949e-02,1.000000000000000000e+00,4.000000000000000000e+00
6.916866971308673895e-01,1.000000000000000000e+00,2.000000000000000000e+00
1.115033138912496335e+00,5.000000000000000000e+00,2.000000000000000000e+00
9.170164844657195946e-01,1.000000000000000000e+00,4.000000000000000000e+00
9.396410520460396487e-01,5.000000000000000000e+00,2.000000000000000000e+00
-5.584202360765183615e-01,1.000000000000000000e+00,2.000000000000000000e+00
8.762336965354991847e+00,5.000000000000000000e+00,4.000000000000000000e+00
-1.539726487871545979e+00,1.000000000000000000e+00,2.000000000000000000e+00
4.369198674502849933e-02,1.000000000000000000e+00,4.000000000000000000e+00
1.666693475679791980e+00,1.000000000000000000e+00,2.000000000000000000e+00
-1.850562800519472084e+00,5.000000000000000000e+00,2.000000000000000000e+00
7.847190743121052137e+00,5.000000000000000000e+00,4.000000000000000000e+00
4.053676775630908224e+00,1.000000000000000000e+00,4.000000000000000000e+00
-1.200704978212029372e+00,1.000000000000000000e+00,2.000000000000000000e+00
8.080614971841666438e-01,1.000000000000000000e+00,4.000000000000000000e+00
3.491933096199475450e-01,5.000000000000000000e+00,2.000000000000000000e+00
8.519494396340316911e+00,5.000000000000000000e+00,4.000000000000000000e+00
7.262866115692714342e-01,5.000000000000000000e+00,2.000000000000000000e+00
-3.560949580320089125e-01,1.000000000000000000e+00,2.000000000000000000e+00
9.228248872559776661e-01,1.000000000000000000e+00,4.000000000000000000e+00
8.794410855299879870e+00,5.000000000000000000e+00,4.000000000000000000e+00
5.869675018080589446e+00,5.000000000000000000e+00,4.000000000000000000e+00
7.603469032721187348e-01,1.000000000000000000e+00,2.000000000000000000e+00
1.520717842052718982e-01,5.000000000000000000e+00,2.000000000000000000e+00
2.121162786156485791e-02,1.000000000000000000e+00,2.000000000000000000e+00
4.989393086235838215e-01,1.000000000000000000e+00,2.000000000000000000e+00
7.038288492496311832e-01,1.000000000000000000e+00,4.000000000000000000e+00
1.377211925076065047e+00,5.000000000000000000e+00,2.000000000000000000e+00
1.399153709176893079e+00,1.000000000000000000e+00,4.000000000000000000e+00
1.986875423859273182e+00,1.000000000000000000e+00,4.000000000000000000e+00
-2.416024316633851310e-01,5.000000000000000000e+00,2.000000000000000000e+00
1.104945964305111827e-01,1.000000000000000000e+00,4.000000000000000000e+00
5.545220446856273799e-01,1.000000000000000000e+00,4.000000000000000000e+00
1.619281677507527828e+00,1.000000000000000000e+00,4.000000000000000000e+00
3.263689120787401921e-01,5.000000000000000000e+00,2.000000000000000000e+00
2.662460456923831931e-01,1.000000000000000000e+00,4.000000000000000000e+00
1.006625960381829499e-01,1.000000000000000000e+00,4.000000000000000000e+00
1.017511890975843825e+00,5.000000000000000000e+00,2.000000000000000000e+00
5.861614896554093734e-01,1.000000000000000000e+00,2.000000000000000000e+00
9.753121539884905822e-01,5.000000000000000000e+00,2.000000000000000000e+00
9.594842529881653093e-01,1.000000000000000000e+00,2.000000000000000000e+00
2.088284858208890427e+00,1.000000000000000000e+00,4.000000000000000000e+00
3.051672277678336709e+00,1.000000000000000000e+00,2.000000000000000000e+00
2.358272635941805362e+00,5.000000000000000000e+00,2.000000000000000000e+00
1.389693128016468382e+00,5.000000000000000000e+00,2.000000000000000000e+00
-1.042179155200790852e+00,1.000000000000000000e+00,2.000000000000000000e+00
9.713951077617348773e-01,1.000000000000000000e+00,4.000000000000000000e+00
1.537990113415912408e+00,5.000000000000000000e+00,2.000000000000000000e+00
-7.252553991843257997e-02,5.000000000000000000e+00,2.000000000000000000e+00
5.620233360905384223e-02,1.000000000000000000e+00,2.000000000000000000e+00
-6.753498835514365473e-01,1.000000000000000000e+00,2.000000000000000000e+00
-2.344623569442683131e-01,1.000000000000000000e+00,4.000000000000000000e+00
1.676166096905619352e+00,1.000000000000000000e+00,4.000000000000000000e+00
-3.782457708653241268e-01,1.000000000000000000e+00,2.000000000000000000e+00
6.837622991724763288e+00,5.000000000000000000e+00,4.000000000000000000e+00
6.966620858622809109e+00,5.000000000000000000e+00,4.000000000000000000e+00
1.427982928036605870e+00,1.000000000000000000e+00,4.000000000000000000e+00
6.246796568197325428e+00,5.000000000000000000e+00,4.000000000000000000e+00
2.874147693942392667e-01,5.000000000000000000e+00,2.000000000000000000e+00
6.318268814939006717e+00,5.000000000000000000e+00,4.000000000000000000e+00
-3.186832093091331308e-01,1.000000000000000000e+00,2.000000000000000000e+00
6.030907142704792889e+00,5.000000000000000000e+00,4.000000000000000000e+00
8.606712415436189589e-01,5.000000000000000000e+00,2.000000000000000000e+00
3.015444929798162477e+00,1.000000000000000000e+00,4.000000000000000000e+00
-1.944937964059583746e-01,1.000000000000000000e+00,2.000000000000000000e+00
1.231987502483384844e-01,1.000000000000000000e+00,4.000000000000000000e+00
6.545900622057667206e+00,5.000000000000000000e+00,4.000000000000000000e+00
5.785328692055804467e+00,5.000000000000000000e+00,4.000000000000000000e+00
1.365950428510100956e-01,1.000000000000000000e+00,2.000000000000000000e+00
1.280221370068154396e+00,1.000000000000000000e+00,4.000000000000000000e+00
-9.198475647072401618e-02,1.000000000000000000e+00,2.000000000000000000e+00
1.810133633909219331e+00,5.000000000000000000e+00,2.000000000000000000e+00
8.674516385994885947e-01,1.000000000000000000e+00,4.000000000000000000e+00
1.245176312084402603e+00,5.000000000000000000e+00,2.000000000000000000e+00
2.224429721936364235e+00,5.000000000000000000e+00,2.000000000000000000e+00
7.976095736856282592e+00,5.000000000000000000e+00,4.000000000000000000e+00
6.360940071868856016e+00,5.000000000000000000e+00,4.000000000000000000e+00
-2.727357754369656995e-01,1.000000000000000000e+00,4.000000000000000000e+00
7.538168858590170718e-01,1.000000000000000000e+00,4.000000000000000000e+00
7.456271025254024742e+00,5.000000000000000000e+00,4.000000000000000000e+00
2.845194733071024551e+00,5.000000000000000000e+00,2.000000000000000000e+00
1.003406124822436185e+00,1.000000000000000000e+00,4.000000000000000000e+00
2.967357858582182484e+00,5.000000000000000000e+00,2.000000000000000000e+00
6.504522853106650793e+00,5.000000000000000000e+00,4.000000000000000000e+00
7.568441701133615140e+00,5.000000000000000000e+00,4.000000000000000000e+00
6.282942196733324103e+00,5.000000000000000000e+00,4.000000000000000000e+00
1.341099058894776208e+00,5.000000000000000000e+00,2.000000000000000000e+00
6.727194529418575542e+00,5.000000000000000000e+00,4.000000000000000000e+00
1.521136185981974531e+00,5.000000000000000000e+00,2.000000000000000000e+00
2.472146648492893561e+00,5.000000000000000000e+00,2.000000000000000000e+00
2.611551521307120538e-02,5.000000000000000000e+00,2.000000000000000000e+00
1.878692880097876383e+00,1.000000000000000000e+00,4.000000000000000000e+00
2.675796061815339730e-02,1.000000000000000000e+00,2.000000000000000000e+00
6.241348905451438611e+00,5.000000000000000000e+00,4.000000000000000000e+00
7.101438887917921328e-02,5.000000000000000000e+00,2.000000000000000000e+00
1.247393906127763463e+00,1.000000000000000000e+00,2.000000000000000000e+00
2.140500673612779181e+00,1.000000000000000000e+00,4.000000000000000000e+00
1.969121570045139213e-01,5.000000000000000000e+00,2.000000000000000000e+00
7.855656126082376289e+00,5.000000000000000000e+00,4.000000000000000000e+00
2.252527077409729017e+00,1.000000000000000000e+00,2.000000000000000000e+00
-8.057199100196893449e-01,1.000000000000000000e+00,2.000000000000000000e+00
-3.625286133341554251e-01,5.000000000000000000e+00,2.000000000000000000e+00
1.068891495291490079e+00,5.000000000000000000e+00,2.000000000000000000e+00
1.771080806779082861e+00,1.000000000000000000e+00,4.000000000000000000e+00
-1.382637489252377172e+00,1.000000000000000000e+00,2.000000000000000000e+00
9.517201548918153620e+00,5.000000000000000000e+00,4.000000000000000000e+00
7.618109722741689183e+00,5.000000000000000000e+00,4.000000000000000000e+00
1.123561968538852485e+00,5.000000000000000000e+00,2.000000000000000000e+00
8.332788339542151590e+00,5.000000000000000000e+00,4.000000000000000000e+00
7.389885246574801059e-03,5.000000000000000000e+00,2.000000000000000000e+00
1.074441016979274410e+00,1.000000000000000000e+00,4.000000000000000000e+00
6.770372425588988108e+00,5.000000000000000000e+00,4.000000000000000000e+00
-2.571951118926772972e-01,1.000000000000000000e+00,2.000000000000000000e+00
1.818682570934676557e+00,5.000000000000000000e+00,2.000000000000000000e+00
2.046737265169497277e+00,5.000000000000000000e+00,2.000000000000000000e+00
3.695820159816421979e-01,1.000000000000000000e+00,2.000000000000000000e+00
2.276286015269497753e-01,1.000000000000000000e+00,2.000000000000000000e+00
-2.969255314640384391e-02,5.000000000000000000e+00,2.000000000000000000e+00
2.272059945565456651e+00,1.000000000000000000e+00,4.000000000000000000e+00
7.058105228832538991e+00,5.000000000000000000e+00,4.000000000000000000e+00
1.196655447155700269e+00,1.000000000000000000e+00,2.000000000000000000e+00
-4.928493772569386699e-02,1.000000000000000000e+00,4.000000000000000000e+00
1.015112017343761330e+00,1.000000000000000000e+00,2.000000000000000000e+00
-5.683656081783433622e-01,1.000000000000000000e+00,2.000000000000000000e+00
-2.496012472755921863e-01,1.000000000000000000e+00,4.000000000000000000e+00
-5.112072011604053001e-01,1.000000000000000000e+00,2.000000000000000000e+00
1.750125356555020106e-01,1.000000000000000000e+00,4.000000000000000000e+00
1.345784305781994927e+00,5.000000000000000000e+00,2.000000000000000000e+00
5.399777157159586949e+00,5.000000000000000000e+00,4.000000000000000000e+00
6.100539882460665808e+00,5.000000000000000000e+00,4.000000000000000000e+00
1.065683830286358935e+00,5.000000000000000000e+00,2.000000000000000000e+00
1.178022626713158383e+00,1.000000000000000000e+00,4.000000000000000000e+00
7.413815317179352604e+00,5.000000000000000000e+00,4.000000000000000000e+00
1.264012412578991107e+00,5.000000000000000000e+00,2.000000000000000000e+00
-2.090597162952984700e+00,1.000000000000000000e+00,2.000000000000000000e+00
3.546996288505273043e-01,1.000000000000000000e+00,2.000000000000000000e+00
9.891299750352025022e-01,1.000000000000000000e+00,2.000000000000000000e+00
-1.019331832580677943e+00,5.000000000000000000e+00,2.000000000000000000e+00
7.038166925060202139e+00,5.000000000000000000e+00,4.000000000000000000e+00
5.427394462774812744e+00,5.000000000000000000e+00,4.000000000000000000e+00
7.313765422408431860e+00,5.000000000000000000e+00,4.000000000000000000e+00
6.030992368960465200e+00,5.000000000000000000e+00,4.000000000000000000e+00
4.425470979637740054e-01,5.000000000000000000e+00,2.000000000000000000e+00
1.297640732247861139e+00,1.000000000000000000e+00,4.000000000000000000e+00
2.098833999271489947e-01,5.000000000000000000e+00,2.000000000000000000e+00
1.860561957899007579e+00,1.000000000000000000e+00,4.000000000000000000e+00
7.655974478453264620e-02,1.000000000000000000e+00,2.000000000000000000e+00
1.374841958945185239e+00,5.000000000000000000e+00,2.000000000000000000e+00
6.055797730958063507e-01,5.000000000000000000e+00,2.000000000000000000e+00
6.503605474769619477e+00,5.000000000000000000e+00,4.000000000000000000e+00
6.545034764724764642e+00,5.000000000000000000e+00,4.000000000000000000e+00
8.887013084023891452e+00,5.000000000000000000e+00,4.000000000000000000e+00
1.832637583780868828e+00,1.000000000000000000e+00,4.000000000000000000e+00
4.377424913984684807e+00,5.000000000000000000e+00,4.000000000000000000e+00
3.020987846842540861e-02,1.000000000000000000e+00,2.000000000000000000e+00
5.048332031983308044e-01,1.000000000000000000e+00,2.000000000000000000e+00
5.001015097256767961e-01,1.000000000000000000e+00,2.000000000000000000e+00
1.470316580275173646e+00,5.000000000000000000e+00,2.000000000000000000e+00
-9.422280134453854261e-01,1.000000000000000000e+00,2.000000000000000000e+00
7.577365671072060493e+00,5.000000000000000000e+00,4.000000000000000000e+00
7.045397303466405248e+00,5.000000000000000000e+00,4.000000000000000000e+00
-8.786348959202167075e-01,1.000000000000000000e+00,2.000000000000000000e+00
1.489834535752557754e+00,1.000000000000000000e+00,4.000000000000000000e+00
2.797840220327953986e+00,5.000000000000000000e+00,2.000000000000000000e+00
5.822764447285456058e+00,5.000000000000000000e+00,4.000000000000000000e+00
2.570605138337049844e+00,1.000000000000000000e+00,4.000000000000000000e+00
2.047081845899518804e+00,1.000000000000000000e+00,4.000000000000000000e+00
7.755254857786449740e+00,5.000000000000000000e+00,4.000000000000000000e+00
-4.323342248526462761e-02,1.000000000000000000e+00,4.000000000000000000e+00
-1.882803582152200228e+00,1.000000000000000000e+00,2.000000000000000000e+00
-8.540887607806361137e-01,1.000000000000000000e+00,2.000000000000000000e+00
4.449607778815214409e-01,1.000000000000000000e+00,4.000000000000000000e+00
-1.378013779666208194e+00,1.000000000000000000e+00,4.000000000000000000e+00
-2.035892120842475173e+00,1.000000000000000000e+00,2.000000000000000000e+00
6.614139707877975116e-02,1.000000000000000000e+00,4.000000000000000000e+00
-8.713093828619489223e-02,5.000000000000000000e+00,2.000000000000000000e+00
7.162598541380729156e-01,5.000000000000000000e+00,2.000000000000000000e+00
6.243704180806413540e+00,5.000000000000000000e+00,4.000000000000000000e+00
6.406836100363703324e+00,5.000000000000000000e+00,4.000000000000000000e+00
1.453283754629037583e+00,5.000000000000000000e+00,2.000000000000000000e+00
-1.522616884373760637e+00,1.000000000000000000e+00,2.000000000000000000e+00
8.439342228775576160e+00,5.000000000000000000e+00,4.000000000000000000e+00
1.815088754591627218e+00,5.000000000000000000e+00,2.000000000000000000e+00
6.620850392183920796e+00,5.000000000000000000e+00,4.000000000000000000e+00
7.598950193342529857e+00,5.000000000000000000e+00,4.000000000000000000e+00
1.608241922215849717e+00,1.000000000000000000e+00,2.000000000000000000e+00
7.868154183570975846e+00,5.000000000000000000e+00,4.000000000000000000e+00
1.898381381019894398e+00,5.000000000000000000e+00,2.000000000000000000e+00
2.438489473854168033e+00,1.000000000000000000e+00,4.000000000000000000e+00
-1.248364289728250753e+00,1.000000000000000000e+00,2.000000000000000000e+00
7.544967934831139367e-01,1.000000000000000000e+00,2.000000000000000000e+00
1.422179033565023731e+00,1.000000000000000000e+00,4.000000000000000000e+00
8.398904618566367386e-01,1.000000000000000000e+00,4.000000000000000000e+00
7.635434012124260761e+00,5.000000000000000000e+00,4.000000000000000000e+00
1.313404126184770870e+00,1.000000000000000000e+00,4.000000000000000000e+00
5.032465588602955675e-01,1.000000000000000000e+00,2.000000000000000000e+00
7.361632375268304607e+00,5.000000000000000000e+00,4.000000000000000000e+00
-4.884697704855867073e-02,5.000000000000000000e+00,2.000000000000000000e+00
6.572740612749451428e-01,1.000000000000000000e+00,2.000000000000000000e+00
-5.102074706547725658e-01,1.000000000000000000e+00,2.000000000000000000e+00
1.704511037408525942e+00,5.000000000000000000e+00,2.000000000000000000e+00
-1.587879727408350317e-01,1.000000000000000000e+00,2.000000000000000000e+00
-7.680868163044851649e-02,1.000000000000000000e+00,4.000000000000000000e+00
9.042505531484476000e-01,1.000000000000000000e+00,4.000000000000000000e+00
1.237629499226786223e+00,5.000000000000000000e+00,2.000000000000000000e+00
2.064828996395816907e-01,1.000000000000000000e+00,2.000000000000000000e+00
8.649718475696643871e-01,1.000000000000000000e+00,4.000000000000000000e+00
-3.797864617122045372e-01,1.000000000000000000e+00,2.000000000000000000e+00
-7.738196901384657433e-01,1.000000000000000000e+00,4.000000000000000000e+00
7.701480796029007703e-01,5.000000000000000000e+00,2.000000000000000000e+00
1.702203814979048602e+00,1.000000000000000000e+00,4.000000000000000000e+00
5.947012488231291805e+00,5.000000000000000000e+00,4.000000000000000000e+00
1.296127642480393583e-02,5.000000000000000000e+00,2.000000000000000000e+00
5.916134106796919756e-01,1.000000000000000000e+00,4.000000000000000000e+00
1.649195931046998076e-01,1.000000000000000000e+00,2.000000000000000000e+00
1.626938418180117196e+00,1.000000000000000000e+00,4.000000000000000000e+00
9.218835340305555626e-01,5.000000000000000000e+00,2.000000000000000000e+00
7.783687762256703557e+00,5.000000000000000000e+00,4.000000000000000000e+00
1.259833927120054042e+00,1.000000000000000000e+00,4.000000000000000000e+00
1.288925354291145187e+00,1.000000000000000000e+00,2.000000000000000000e+00
2.776426702982798256e-01,5.000000000000000000e+00,2.000000000000000000e+00
6.466330279978604878e+00,5.000000000000000000e+00,4.000000000000000000e+00
-7.227712651932471921e-01,1.000000000000000000e+00,4.000000000000000000e+00
7.941515142487629575e+00,5.000000000000000000e+00,4.000000000000000000e+00
3.915850769950739441e-01,1.000000000000000000e+00,4.000000000000000000e+00
2.070683585409057947e+00,5.000000000000000000e+00,2.000000000000000000e+00
5.792508442645844191e+00,5.000000000000000000e+00,4.000000000000000000e+00
-4.196735552842878469e-02,1.000000000000000000e+00,2.000000000000000000e+00
1.245391885671649268e+00,1.000000000000000000e+00,2.000000000000000000e+00
7.581681023266064301e+00,5.000000000000000000e+00,4.000000000000000000e+00
1.799823741502547314e+00,1.000000000000000000e+00,4.000000000000000000e+00
7.402898345339480990e+00,5.000000000000000000e+00,4.000000000000000000e+00
2.321320764603470810e+00,1.000000000000000000e+00,4.000000000000000000e+00
-5.180862054745134504e-01,1.000000000000000000e+00,2.000000000000000000e+00
2.560621255536549956e+00,5.000000000000000000e+00,2.000000000000000000e+00
-1.095188015615647936e+00,1.000000000000000000e+00,2.000000000000000000e+00
8.680638830705255771e+00,5.000000000000000000e+00,4.000000000000000000e+00
5.098370966817235006e-01,1.000000000000000000e+00,2.000000000000000000e+00
6.411431084167880989e+00,5.000000000000000000e+00,4.000000000000000000e+00
7.115397828027220095e-01,1.000000000000000000e+00,2.000000000000000000e+00
8.426378610324980478e-01,5.000000000000000000e+00,2.000000000000000000e+00
1.007043694609262685e+00,1.000000000000000000e+00,4.000000000000000000e+00
8.554770912516256320e-01,5.000000000000000000e+00,2.000000000000000000e+00
-3.048119714377104383e-01,1.000000000000000000e+00,2.000000000000000000e+00
9.308931085570520958e-01,1.000000000000000000e+00,4.000000000000000000e+00
7.681936567931979098e+00,5.000000000000000000e+00,4.000000000000000000e+00
-3.444206156990474721e-01,5.000000000000000000e+00,2.000000000000000000e+00
1.760341525448165800e-01,1.000000000000000000e+00,2.000000000000000000e+00
7.113950610623167581e-01,1.000000000000000000e+00,4.000000000000000000e+00
2.032310117913460168e+00,1.000000000000000000e+00,4.000000000000000000e+00
-4.920322364411517935e-01,1.000000000000000000e+00,4.000000000000000000e+00
5.307617087580840387e-01,1.000000000000000000e+00,2.000000000000000000e+00
7.556558878016412351e+00,5.000000000000000000e+00,4.000000000000000000e+00
1.418328788651379568e+00,1.000000000000000000e+00,4.000000000000000000e+00
1.995242261417391028e+00,1.000000000000000000e+00,4.000000000000000000e+00
-4.754781615346925783e-01,1.000000000000000000e+00,2.000000000000000000e+00
4.330125546783435420e-01,5.000000000000000000e+00,2.000000000000000000e+00
7.465053272674970763e-01,5.000000000000000000e+00,2.000000000000000000e+00
2.241595414679392828e+00,5.000000000000000000e+00,2.000000000000000000e+00
7.198398128136631602e-01,1.000000000000000000e+00,2.000000000000000000e+00
2.866208229252413808e+00,1.000000000000000000e+00,4.000000000000000000e+00
1.711259517807377728e+00,5.000000000000000000e+00,2.000000000000000000e+00
7.752482530392754256e+00,5.000000000000000000e+00,4.000000000000000000e+00
-9.118297769867009794e-01,1.000000000000000000e+00,2.000000000000000000e+00
2.449337443637911171e+00,1.000000000000000000e+00,4.000000000000000000e+00
1.060163727250276855e+00,1.000000000000000000e+00,4.000000000000000000e+00
6.599661127089269108e-01,5.000000000000000000e+00,2.000000000000000000e+00
3.223368690473991105e-01,1.000000000000000000e+00,4.000000000000000000e+00
2.309780346235044135e+00,5.000000000000000000e+00,2.000000000000000000e+00
1.185404711776737896e+00,1.000000000000000000e+00,4.000000000000000000e+00
1.703862539654742658e+00,5.000000000000000000e+00,2.000000000000000000e+00
4.820892298005186039e-02,5.000000000000000000e+00,2.000000000000000000e+00
6.159165779008402009e-01,1.000000000000000000e+00,4.000000000000000000e+00
1.561839370738005606e+00,1.000000000000000000e+00,4.000000000000000000e+00
-5.482204779011180806e-02,1.000000000000000000e+00,2.000000000000000000e+00
-4.632898365717928457e-01,1.000000000000000000e+00,2.000000000000000000e+00
5.781536999201751570e+00,5.000000000000000000e+00,4.000000000000000000e+00
1.346106218301097002e+00,1.000000000000000000e+00,2.000000000000000000e+00
1.666767658833450128e+00,5.000000000000000000e+00,2.000000000000000000e+00
1.481393620280639034e+00,1.000000000000000000e+00,4.000000000000000000e+00
3.280414661854888503e-01,1.000000000000000000e+00,2.000000000000000000e+00
1.035426058609403954e+00,1.000000000000000000e+00,2.000000000000000000e+00
2.459939692479011342e+00,5.000000000000000000e+00,2.000000000000000000e+00
4.300480280726471927e-01,1.000000000000000000e+00,4.000000000000000000e+00
-1.372125241196455736e-01,5.000000000000000000e+00,2.000000000000000000e+00
-2.963540534767374335e-01,1.000000000000000000e+00,2.000000000000000000e+00
-3.723670428334351357e-01,1.000000000000000000e+00,4.000000000000000000e+00
1.692737957708574825e+00,1.000000000000000000e+00,4.000000000000000000e+00
1.256301494422937370e+00,1.000000000000000000e+00,4.000000000000000000e+00
2.317515233178527589e-01,5.000000000000000000e+00,2.000000000000000000e+00
3.885833134155654012e-01,1.000000000000000000e+00,2.000000000000000000e+00
1.228668383420070009e+00,1.000000000000000000e+00,4.000000000000000000e+00
7.384588326259858171e+00,5.000000000000000000e+00,4.000000000000000000e+00
7.957394319430298069e+00,5.000000000000000000e+00,4.000000000000000000e+00
6.333458022060490578e+00,5.000000000000000000e+00,4.000000000000000000e+00
1.800037528577351109e+00,1.000000000000000000e+00,4.000000000000000000e+00
-7.709539100239879428e-01,5.000000000000000000e+00,2.000000000000000000e+00
6.823031930076237650e-01,1.000000000000000000e+00,4.000000000000000000e+00
-8.001627944393248093e-01,1.000000000000000000e+00,4.000000000000000000e+00
-1.079093833597619678e-01,5.000000000000000000e+00,2.000000000000000000e+00
3.113600950553426783e-01,1.000000000000000000e+00,2.000000000000000000e+00
2.114913706734958154e+00,1.000000000000000000e+00,4.000000000000000000e+00
7.652411584101896480e+00,5.000000000000000000e+00,4.000000000000000000e+00
-2.418183567158707969e+00,1.000000000000000000e+00,2.000000000000000000e+00
1.621653689365870399e+00,1.000000000000000000e+00,4.000000000000000000e+00
-1.565304481085950439e+00,1.000000000000000000e+00,2.000000000000000000e+00
-1.661447111839247093e-01,5.000000000000000000e+00,2.000000000000000000e+00
-1.052646923602113121e-01,1.000000000000000000e+00,2.000000000000000000e+00
6.992843689032174126e+00,5.000000000000000000e+00,4.000000000000000000e+00
-3.833977907542256147e-02,1.000000000000000000e+00,2.000000000000000000e+00
2.731470524639061814e+00,1.000000000000000000e+00,4.000000000000000000e+00
3.166578479331870533e+00,5.000000000000000000e+00,2.000000000000000000e+00
2.601539932743841099e+00,5.000000000000000000e+00,2.000000000000000000e+00
8.650418777051926966e-01,1.000000000000000000e+00,4.000000000000000000e+00
6.186029350635415813e-01,5.000000000000000000e+00,2.000000000000000000e+00
6.297102103495268999e-01,5.000000000000000000e+00,2.000000000000000000e+00
2.145704673356223502e+00,1.000000000000000000e+00,4.000000000000000000e+00
6.528852517337185191e+00,5.000000000000000000e+00,4.000000000000000000e+00
1.715017835185415951e+00,5.000000000000000000e+00,2.000000000000000000e+00
3.336175846083927476e-01,1.000000000000000000e+00,4.000000000000000000e+00
1.766340607315106670e-01,1.000000000000000000e+00,2.000000000000000000e+00
7.547189117164299077e-01,1.000000000000000000e+00,2.000000000000000000e+00
1.298895544237123278e+00,5.000000000000000000e+00,2.000000000000000000e+00
-4.132926077648013674e-02,5.000000000000000000e+00,2.000000000000000000e+00
-7.397888694894745321e-01,1.000000000000000000e+00,4.000000000000000000e+00
6.926658580614659666e-01,1.000000000000000000e+00,2.000000000000000000e+00
-2.934869153529804375e-01,5.000000000000000000e+00,2.000000000000000000e+00
9.776340986813486511e-01,1.000000000000000000e+00,2.000000000000000000e+00
-7.352169599448554749e-02,1.000000000000000000e+00,4.000000000000000000e+00
1.566976526116251600e-01,1.000000000000000000e+00,4.000000000000000000e+00
5.735405436652900590e+00,5.000000000000000000e+00,4.000000000000000000e+00
6.459054874685221659e-01,1.000000000000000000e+00,4.000000000000000000e+00
-9.638743372360991657e-02,1.000000000000000000e+00,2.000000000000000000e+00
8.131737337670664090e+00,5.000000000000000000e+00,4.000000000000000000e+00
-4.704909923979376796e-01,1.000000000000000000e+00,4.000000000000000000e+00
-1.550069164939831490e+00,1.000000000000000000e+00,2.000000000000000000e+00
3.911125002995393674e-01,1.000000000000000000e+00,2.000000000000000000e+00
5.206265119732905733e-01,1.000000000000000000e+00,4.000000000000000000e+00
8.828256454165590572e-01,1.000000000000000000e+00,2.000000000000000000e+00
6.447431686176924970e+00,5.000000000000000000e+00,4.000000000000000000e+00
5.766338238398249771e+00,5.000000000000000000e+00,4.000000000000000000e+00
2.772118151736465030e+00,1.000000000000000000e+00,4.000000000000000000e+00
-1.106277205749349513e+00,5.000000000000000000e+00,2.000000000000000000e+00
1.539686271551410357e+00,1.000000000000000000e+00,4.000000000000000000e+00
1.009578579792584252e+00,5.000000000000000000e+00,2.000000000000000000e+00
7.380954060694534746e+00,5.000000000000000000e+00,4.000000000000000000e+00
5.471968385728135376e-01,5.000000000000000000e+00,2.000000000000000000e+00
7.133463638145651764e+00,5.000000000000000000e+00,4.000000000000000000e+00
-5.579970132355090151e-02,1.000000000000000000e+00,2.000000000000000000e+00
2.106497999851868919e+00,5.000000000000000000e+00,2.000000000000000000e+00
5.700310850042675792e-01,1.000000000000000000e+00,2.000000000000000000e+00
6.934319555938493806e+00,5.000000000000000000e+00,4.000000000000000000e+00
5.438943164317151968e+00,5.000000000000000000e+00,4.000000000000000000e+00
7.797301675362651174e+00,5.000000000000000000e+00,4.000000000000000000e+00
6.304293808944052557e+00,5.000000000000000000e+00,4.000000000000000000e+00
9.274505190196925541e-01,1.000000000000000000e+00,2.000000000000000000e+00
7.943528864175005033e+00,5.000000000000000000e+00,4.000000000000000000e+00
1.587379458233800111e+00,5.000000000000000000e+00,2.000000000000000000e+00
-3.524034793471839677e-01,5.000000000000000000e+00,2.000000000000000000e+00
2.985073164843711213e-01,5.000000000000000000e+00,2.000000000000000000e+00
6.869489202254975169e+00,5.000000000000000000e+00,4.000000000000000000e+00
-3.133051634238692706e-02,5.000000000000000000e+00,2.000000000000000000e+00
4.961243424322164586e+00,5.000000000000000000e+00,4.000000000000000000e+00
2.058578016118333132e+00,1.000000000000000000e+00,4.000000000000000000e+00
-8.869384738549319636e-01,1.000000000000000000e+00,4.000000000000000000e+00
5.857522400606275381e-01,1.000000000000000000e+00,4.000000000000000000e+00
9.071938702696163981e-01,1.000000000000000000e+00,4.000000000000000000e+00
7.060561448234683013e+00,5.000000000000000000e+00,4.000000000000000000e+00
-4.104668989138904323e-01,1.000000000000000000e+00,4.000000000000000000e+00
1.993153486565480970e+00,1.000000000000000000e+00,4.000000000000000000e+00
6.813764537456815873e+00,5.000000000000000000e+00,4.000000000000000000e+00
7.435637444187791267e+00,5.000000000000000000e+00,4.000000000000000000e+00
7.013479366876446797e+00,5.000000000000000000e+00,4.000000000000000000e+00
2.178590064751730004e+00,5.000000000000000000e+00,2.000000000000000000e+00
-9.041855200046634566e-01,1.000000000000000000e+00,2.000000000000000000e+00
7.679807533805167452e-01,1.000000000000000000e+00,4.000000000000000000e+00
2.698731860978247798e+00,5.000000000000000000e+00,2.000000000000000000e+00
3.183327923031724627e-01,1.000000000000000000e+00,4.000000000000000000e+00
1.132810455102917890e+00,5.000000000000000000e+00,2.000000000000000000e+00
-1.275749862430019421e+00,1.000000000000000000e+00,2.000000000000000000e+00
2.143653746577803609e+00,5.000000000000000000e+00,2.000000000000000000e+00
-8.792485157679285068e-01,1.000000000000000000e+00,2.000000000000000000e+00
2.946745194972727688e+00,1.000000000000000000e+00,4.000000000000000000e+00
1.016321307048434708e+00,1.000000000000000000e+00,4.000000000000000000e+00
7.912324187559216515e-02,1.000000000000000000e+00,2.000000000000000000e+00
8.929028231108900870e-01,1.000000000000000000e+00,4.000000000000000000e+00
6.641682189653630441e-02,5.000000000000000000e+00,2.000000000000000000e+00
6.187494077853505914e+00,5.000000000000000000e+00,4.000000000000000000e+00
7.125337040371732655e+00,5.000000000000000000e+00,4.000000000000000000e+00
1.184909142552302175e+00,5.000000000000000000e+00,2.000000000000000000e+00
-1.305604776744207385e+00,1.000000000000000000e+00,2.000000000000000000e+00
7.555437471401099669e-01,1.000000000000000000e+00,2.000000000000000000e+00
8.805298419561946588e+00,5.000000000000000000e+00,4.000000000000000000e+00
1.960226640816969734e+00,1.000000000000000000e+00,4.000000000000000000e+00
-4.682540432656064899e-01,1.000000000000000000e+00,2.000000000000000000e+00
1.602560463189904860e-01,5.000000000000000000e+00,2.000000000000000000e+00
2.365234441718732761e+00,1.000000000000000000e+00,4.000000000000000000e+00
5.057095654499241810e+00,5.000000000000000000e+00,4.000000000000000000e+00
1.138133725231198046e+00,1.000000000000000000e+00,4.000000000000000000e+00
4.026582674867846823e-01,1.000000000000000000e+00,2.000000000000000000e+00
1.073413514698327909e+00,5.000000000000000000e+00,2.000000000000000000e+00
9.494752876903380656e-01,5.000000000000000000e+00,2.000000000000000000e+00
-1.460715534755143485e+00,1.000000000000000000e+00,2.000000000000000000e+00
3.743160773402807173e-01,1.000000000000000000e+00,4.000000000000000000e+00
1.786052412119983890e-01,5.000000000000000000e+00,2.000000000000000000e+00
1.639304577253761330e+00,1.000000000000000000e+00,2.000000000000000000e+00
1.321200707741621239e+00,1.000000000000000000e+00,2.000000000000000000e+00
9.626749292549099390e-01,1.000000000000000000e+00,4.000000000000000000e+00
2.099668149961888552e+00,5.000000000000000000e+00,2.000000000000000000e+00
2.453187435397484073e+00,5.000000000000000000e+00,2.000000000000000000e+00
-1.120119212999276304e+00,5.000000000000000000e+00,2.000000000000000000e+00
-4.598223252278682005e-01,1.000000000000000000e+00,2.000000000000000000e+00
4.038962779047244878e-01,1.000000000000000000e+00,2.000000000000000000e+00
5.721823373699001181e+00,5.000000000000000000e+00,4.000000000000000000e+00
3.565567253455236285e-01,1.000000000000000000e+00,2.000000000000000000e+00
1.872863777339348168e+00,1.000000000000000000e+00,4.000000000000000000e+00
-6.518138616347668446e-02,5.000000000000000000e+00,2.000000000000000000e+00
7.999888371972399881e+00,5.000000000000000000e+00,4.000000000000000000e+00
7.719487386532212447e+00,5.000000000000000000e+00,4.000000000000000000e+00
2.174648381129645758e-01,5.000000000000000000e+00,2.000000000000000000e+00
2.215118768438236074e+00,1.000000000000000000e+00,4.000000000000000000e+00
-1.891549605317300597e-01,1.000000000000000000e+00,2.000000000000000000e+00
7.365355883020754391e-01,1.000000000000000000e+00,4.000000000000000000e+00
1.699120177267324783e-01,5.000000000000000000e+00,2.000000000000000000e+00
-1.466195124402377203e+00,1.000000000000000000e+00,2.000000000000000000e+00
-6.007322196570250572e-01,1.000000000000000000e+00,2.000000000000000000e+00
1.202916458852210102e+00,5.000000000000000000e+00,2.000000000000000000e+00
1.853504941610764067e+00,1.000000000000000000e+00,4.000000000000000000e+00
8.229181598936566644e+00,5.000000000000000000e+00,4.000000000000000000e+00
2.150061825242829627e+00,1.000000000000000000e+00,4.000000000000000000e+00
5.666337265468397888e+00,5.000000000000000000e+00,4.000000000000000000e+00
1.853550569762985045e-02,1.000000000000000000e+00,4.000000000000000000e+00
-1.145635666508187933e-01,1.000000000000000000e+00,2.000000000000000000e+00
1.437361494713469190e+00,1.000000000000000000e+00,4.000000000000000000e+00
2.852799368738512253e-01,1.000000000000000000e+00,4.000000000000000000e+00
6.000824525824421940e+00,5.000000000000000000e+00,4.000000000000000000e+00
1.017538174318859845e+00,1.000000000000000000e+00,4.000000000000000000e+00
7.241874805357953804e+00,5.000000000000000000e+00,4.000000000000000000e+00
-7.856465006719564048e-01,1.000000000000000000e+00,2.000000000000000000e+00
3.052766484102523714e-01,5.000000000000000000e+00,2.000000000000000000e+00
-8.479667043442202790e-01,1.000000000000000000e+00,2.000000000000000000e+00
6.949880520124378513e+00,5.000000000000000000e+00,4.000000000000000000e+00
2.305101806494770145e+00,5.000000000000000000e+00,2.000000000000000000e+00
1.515686438782086753e+00,1.000000000000000000e+00,4.000000000000000000e+00
3.900376047328546480e+00,5.000000000000000000e+00,4.000000000000000000e+00
6.175998656257640107e+00,5.000000000000000000e+00,4.000000000000000000e+00
4.736667164833563426e-01,1.000000000000000000e+00,2.000000000000000000e+00
3.198877863664567611e-01,5.000000000000000000e+00,2.000000000000000000e+00
1.126395813720155736e+00,5.000000000000000000e+00,2.000000000000000000e+00
1.894385071453748459e+00,5.000000000000000000e+00,2.000000000000000000e+00
8.286648462365645784e+00,5.000000000000000000e+00,4.000000000000000000e+00
3.178757834173585595e-01,1.000000000000000000e+00,4.000000000000000000e+00
2.765055305594266599e+00,1.000000000000000000e+00,4.000000000000000000e+00
9.366870631851450524e-01,1.000000000000000000e+00,2.000000000000000000e+00
6.243507079283803662e+00,5.000000000000000000e+00,4.000000000000000000e+00
3.834763660125876106e-01,1.000000000000000000e+00,2.000000000000000000e+00
1.880071096899193384e+00,1.000000000000000000e+00,2.000000000000000000e+00
8.811457902484846727e+00,5.000000000000000000e+00,4.000000000000000000e+00
2.599847963115380356e-01,1.000000000000000000e+00,2.000000000000000000e+00
1.262529855190726913e+00,1.000000000000000000e+00,2.000000000000000000e+00
3.329933465510003021e+00,1.000000000000000000e+00,4.000000000000000000e+00
6.474420478698925674e-01,1.000000000000000000e+00,4.000000000000000000e+00
7.084857318511572633e-01,1.000000000000000000e+00,4.000000000000000000e+00
6.085074693090849252e+00,5.000000000000000000e+00,4.000000000000000000e+00
6.454401309564329559e+00,5.000000000000000000e+00,4.000000000000000000e+00
-3.017461449916831739e-01,1.000000000000000000e+00,2.000000000000000000e+00
1.299987729656500113e+00,1.000000000000000000e+00,4.000000000000000000e+00
6.695684456637669701e-02,1.000000000000000000e+00,2.000000000000000000e+00
3.560448570633001797e+00,1.000000000000000000e+00,4.000000000000000000e+00
8.816833167937772053e-01,5.000000000000000000e+00,2.000000000000000000e+00
6.121211880676401762e+00,5.000000000000000000e+00,4.000000000000000000e+00
-3.943306709632596885e-01,5.000000000000000000e+00,2.000000000000000000e+00
6.296841061869017153e+00,5.000000000000000000e+00,4.000000000000000000e+00
7.759301173265255258e+00,5.000000000000000000e+00,4.000000000000000000e+00
7.829228611566350082e-01,1.000000000000000000e+00,4.000000000000000000e+00
9.317593415232383602e-01,5.000000000000000000e+00,2.000000000000000000e+00
6.935952160056209514e+00,5.000000000000000000e+00,4.000000000000000000e+00
2.601153209526407828e+00,1.000000000000000000e+00,4.000000000000000000e+00
1.129603813676521851e+00,1.000000000000000000e+00,4.000000000000000000e+00
-7.969590290136964184e-01,1.000000000000000000e+00,2.000000000000000000e+00
-3.418847439839269864e-01,5.000000000000000000e+00,2.000000000000000000e+00
1.055898047371746751e+00,1.000000000000000000e+00,2.000000000000000000e+00
9.046626708416294349e-01,5.000000000000000000e+00,2.000000000000000000e+00
2.094740088473290296e-02,1.000000000000000000e+00,4.000000000000000000e+00
2.228006612500222638e-01,1.000000000000000000e+00,2.000000000000000000e+00
5.185681101015412464e-01,1.000000000000000000e+00,2.000000000000000000e+00
1.371234852838821405e+00,1.000000000000000000e+00,4.000000000000000000e+00
-1.188363754559341956e+00,1.000000000000000000e+00,2.000000000000000000e+00
2.073893489440821192e+00,5.000000000000000000e+00,2.000000000000000000e+00
1.309539816522808264e+00,5.000000000000000000e+00,2.000000000000000000e+00
2.317852319618144641e+00,5.000000000000000000e+00,2.000000000000000000e+00
-1.781187505029317109e+00,1.000000000000000000e+00,2.000000000000000000e+00
6.692736729635375248e+00,5.000000000000000000e+00,4.000000000000000000e+00
1.285616240587678316e+00,5.000000000000000000e+00,2.000000000000000000e+00
1.371942936419873194e-01,5.000000000000000000e+00,2.000000000000000000e+00
1.191218994866770853e+00,5.000000000000000000e+00,2.000000000000000000e+00
7.636540805746041549e-01,5.000000000000000000e+00,2.000000000000000000e+00
-7.808116910208914296e-01,1.000000000000000000e+00,2.000000000000000000e+00
6.650857375536666005e+00,5.000000000000000000e+00,4.000000000000000000e+00
2.252198628874922726e+00,5.000000000000000000e+00,2.000000000000000000e+00
7.356720803474236625e+00,5.000000000000000000e+00,4.000000000000000000e+00
3.185845485289706236e+00,1.000000000000000000e+00,4.000000000000000000e+00
2.595708886713666841e-01,1.000000000000000000e+00,4.000000000000000000e+00
-3.987682292607022672e-01,1.000000000000000000e+00,2.000000000000000000e+00
6.936702684361135685e-01,5.000000000000000000e+00,2.000000000000000000e+00
7.020363113694569890e+00,5.000000000000000000e+00,4.000000000000000000e+00
4.259561145318738973e+00,5.000000000000000000e+00,4.000000000000000000e+00
1.305284510658284880e+00,5.000000000000000000e+00,2.000000000000000000e+00
-9.070590516634255973e-01,1.000000000000000000e+00,2.000000000000000000e+00
-5.659395826994122886e-02,1.000000000000000000e+00,2.000000000000000000e+00
1.121599141848865777e-01,5.000000000000000000e+00,2.000000000000000000e+00
5.270721419450943301e+00,5.000000000000000000e+00,4.000000000000000000e+00
-1.287574598748505883e+00,1.000000000000000000e+00,2.000000000000000000e+00
7.116769898825167751e+00,5.000000000000000000e+00,4.000000000000000000e+00
-1.024671385873182849e+00,1.000000000000000000e+00,4.000000000000000000e+00
-3.997033409203189502e-01,1.000000000000000000e+00,2.000000000000000000e+00
2.474872866176904829e+00,1.000000000000000000e+00,4.000000000000000000e+00
3.588645061767651856e-01,1.000000000000000000e+00,2.000000000000000000e+00
2.399068335446396250e-01,1.000000000000000000e+00,2.000000000000000000e+00
7.512633402943611038e+00,5.000000000000000000e+00,4.000000000000000000e+00
2.497691661068738522e+00,5.000000000000000000e+00,2.000000000000000000e+00
-1.525483114069747237e-01,1.000000000000000000e+00,2.000000000000000000e+00
-3.727982267849825337e-01,1.000000000000000000e+00,4.000000000000000000e+00
2.323667563044174322e+00,5.000000000000000000e+00,2.000000000000000000e+00
-1.404518187950482000e-01,1.000000000000000000e+00,2.000000000000000000e+00
7.702172395255942661e+00,5.000000000000000000e+00,4.000000000000000000e+00
-1.580367331090549721e+00,1.000000000000000000e+00,2.000000000000000000e+00
5.165672976158846019e-01,5.000000000000000000e+00,2.000000000000000000e+00
1.514315434293420637e+00,1.000000000000000000e+00,4.000000000000000000e+00
6.580951880348840710e+00,5.000000000000000000e+00,4.000000000000000000e+00
5.973576035315974586e+00,5.000000000000000000e+00,4.000000000000000000e+00
6.206673982226206476e+00,5.000000000000000000e+00,4.000000000000000000e+00
6.802484717297727634e+00,5.000000000000000000e+00,4.000000000000000000e+00
4.311488510509437488e-01,1.000000000000000000e+00,2.000000000000000000e+00
7.517600365696531783e-01,1.000000000000000000e+00,4.000000000000000000e+00
-1.704369625277636635e-01,1.000000000000000000e+00,2.000000000000000000e+00
-2.770158949668334980e+00,1.000000000000000000e+00,2.000000000000000000e+00
6.560981066471556211e+00,5.000000000000000000e+00,4.000000000000000000e+00
2.595297838808990232e+00,5.000000000000000000e+00,2.000000000000000000e+00
1.564608026842669419e+00,1.000000000000000000e+00,2.000000000000000000e+00
3.088224319131668283e-01,1.000000000000000000e+00,4.000000000000000000e+00
7.457017725605823433e-01,1.000000000000000000e+00,2.000000000000000000e+00
-3.701999728939571188e-01,1.000000000000000000e+00,4.000000000000000000e+00
3.041606040872607553e-01,1.000000000000000000e+00,2.000000000000000000e+00
2.410633300782392130e+00,1.000000000000000000e+00,4.000000000000000000e+00
8.090873486709266871e-01,5.000000000000000000e+00,2.000000000000000000e+00
2.252136423062445658e+00,5.000000000000000000e+00,2.000000000000000000e+00
1.728057506151929879e+00,1.000000000000000000e+00,2.000000000000000000e+00
8.368271306137184951e-01,1.000000000000000000e+00,4.000000000000000000e+00
7.292489582616248356e+00,5.000000000000000000e+00,4.000000000000000000e+00
7.581811824013120926e+00,5.000000000000000000e+00,4.000000000000000000e+00
5.865822388622226491e+00,5.000000000000000000e+00,4.000000000000000000e+00
-2.589319502892007407e-01,1.000000000000000000e+00,2.000000000000000000e+00
7.770588154153539762e+00,5.000000000000000000e+00,4.000000000000000000e+00
-1.052422832769610128e+00,1.000000000000000000e+00,4.000000000000000000e+00
-9.757157511876975164e-02,1.000000000000000000e+00,2.000000000000000000e+00
1.376545397735231990e+00,1.000000000000000000e+00,4.000000000000000000e+00
6.514331118838598833e+00,5.000000000000000000e+00,4.000000000000000000e+00
1.402226144073339231e+00,5.000000000000000000e+00,2.000000000000000000e+00
2.398081695727075413e+00,1.000000000000000000e+00,4.000000000000000000e+00
6.495493055076985378e+00,5.000000000000000000e+00,4.000000000000000000e+00
-6.740316475973953114e-01,1.000000000000000000e+00,4.000000000000000000e+00
1.626757961459858626e+00,5.000000000000000000e+00,2.000000000000000000e+00
-2.465901942699173510e-01,1.000000000000000000e+00,4.000000000000000000e+00
3.114193985779605267e-01,1.000000000000000000e+00,4.000000000000000000e+00
7.876975352045283429e+00,5.000000000000000000e+00,4.000000000000000000e+00
1.801783820748526388e+00,1.000000000000000000e+00,4.000000000000000000e+00
7.040877909668150636e-01,1.000000000000000000e+00,2.000000000000000000e+00
7.958194621408861913e+00,5.000000000000000000e+00,4.000000000000000000e+00
1.469786980935116727e+00,1.000000000000000000e+00,2.000000000000000000e+00
8.369943013148969380e-01,1.000000000000000000e+00,2.000000000000000000e+00
6.213028108865922938e+00,5.000000000000000000e+00,4.000000000000000000e+00
1.018442115146908078e+00,1.000000000000000000e+00,4.000000000000000000e+00
-2.596951971483620891e-01,5.000000000000000000e+00,2.000000000000000000e+00
1.302642506509068543e+00,1.000000000000000000e+00,4.000000000000000000e+00
7.031284478403440064e-01,1.000000000000000000e+00,2.000000000000000000e+00
6.529624096305029823e+00,5.000000000000000000e+00,4.000000000000000000e+00
2.666701950668888266e-01,1.000000000000000000e+00,4.000000000000000000e+00
-2.701853249969167203e-01,1.000000000000000000e+00,2.000000000000000000e+00
-1.825220507886013976e-01,1.000000000000000000e+00,4.000000000000000000e+00
2.208621105354080516e+00,1.000000000000000000e+00,4.000000000000000000e+00
7.091867365838929738e-01,1.000000000000000000e+00,2.000000000000000000e+00
-1.401815705185651240e+00,1.000000000000000000e+00,2.000000000000000000e+00
7.482407946613003347e+00,5.000000000000000000e+00,4.000000000000000000e+00
1.223758852445251177e+00,1.000000000000000000e+00,4.000000000000000000e+00
2.722939119598472679e+00,5.000000000000000000e+00,2.000000000000000000e+00
2.014425604179400864e+00,5.000000000000000000e+00,2.000000000000000000e+00
1.343715118761099614e-01,1.000000000000000000e+00,2.000000000000000000e+00
8.467764830561643752e-01,5.000000000000000000e+00,2.000000000000000000e+00
1.996194921597538308e+00,5.000000000000000000e+00,2.000000000000000000e+00
-1.404619089480168670e+00,1.000000000000000000e+00,2.000000000000000000e+00
-2.160107149504403523e+00,1.000000000000000000e+00,2.000000000000000000e+00
6.686477993720187918e+00,5.000000000000000000e+00,4.000000000000000000e+00
1.006255296138060862e+00,1.000000000000000000e+00,4.000000000000000000e+00
1.587665422196838261e+00,5.000000000000000000e+00,2.000000000000000000e+00
1.008405411098473259e+00,5.000000000000000000e+00,2.000000000000000000e+00
6.785092538410750329e+00,5.000000000000000000e+00,4.000000000000000000e+00
1.968762043745614143e+00,1.000000000000000000e+00,4.000000000000000000e+00
1.914181712477307951e+00,1.000000000000000000e+00,4.000000000000000000e+00
2.508331457441989265e+00,5.000000000000000000e+00,2.000000000000000000e+00
1.926162314786700858e+00,1.000000000000000000e+00,4.000000000000000000e+00
-2.710672944648387261e+00,1.000000000000000000e+00,2.000000000000000000e+00
5.918868895039877565e+00,5.000000000000000000e+00,4.000000000000000000e+00
6.660782138187747670e+00,5.000000000000000000e+00,4.000000000000000000e+00
2.528205564865839694e+00,1.000000000000000000e+00,4.000000000000000000e+00
1.985269423042935744e+00,1.000000000000000000e+00,4.000000000000000000e+00
6.305251726759443898e+00,5.000000000000000000e+00,4.000000000000000000e+00
-2.803029068179269667e-01,1.000000000000000000e+00,2.000000000000000000e+00
2.070497049165037406e+00,5.000000000000000000e+00,2.000000000000000000e+00
5.836262925286561654e-01,1.000000000000000000e+00,4.000000000000000000e+00
8.047763757300383958e+00,5.000000000000000000e+00,4.000000000000000000e+00
7.090185193912450501e+00,5.000000000000000000e+00,4.000000000000000000e+00
7.224217244384629311e+00,5.000000000000000000e+00,4.000000000000000000e+00
2.548863937651987932e+00,1.000000000000000000e+00,4.000000000000000000e+00
9.522234774445614836e-02,5.000000000000000000e+00,2.000000000000000000e+00
1.029030336915037092e+00,1.000000000000000000e+00,4.000000000000000000e+00
1.028172896325467267e+00,1.000000000000000000e+00,4.000000000000000000e+00
-9.741401648551617498e-01,1.000000000000000000e+00,4.000000000000000000e+00
2.368378236701489836e+00,5.000000000000000000e+00,2.000000000000000000e+00
2.224821800025077678e+00,5.000000000000000000e+00,2.000000000000000000e+00
4.569512256008302353e-01,5.000000000000000000e+00,2.000000000000000000e+00
3.864971847266174265e-02,1.000000000000000000e+00,4.000000000000000000e+00
9.598383615878405273e-01,1.000000000000000000e+00,4.000000000000000000e+00
-2.370336208527512589e-02,5.000000000000000000e+00,2.000000000000000000e+00
6.867777172992715506e+00,5.000000000000000000e+00,4.000000000000000000e+00
-1.947606552769753918e-02,5.000000000000000000e+00,2.000000000000000000e+00
1.480072446047042689e-01,5.000000000000000000e+00,2.000000000000000000e+00
5.818821414430042083e+00,5.000000000000000000e+00,4.000000000000000000e+00
3.435106637413988251e-01,5.000000000000000000e+00,2.000000000000000000e+00
6.150765086033889439e-02,1.000000000000000000e+00,2.000000000000000000e+00
-7.133512436846618510e-01,5.000000000000000000e+00,2.000000000000000000e+00
7.401769641420419266e-01,5.000000000000000000e+00,2.000000000000000000e+00
-2.948849455305037059e-01,1.000000000000000000e+00,2.000000000000000000e+00
5.320086132183564409e+00,5.000000000000000000e+00,4.000000000000000000e+00
2.103084327824389366e-01,5.000000000000000000e+00,2.000000000000000000e+00
9.874217802367453167e-01,1.000000000000000000e+00,2.000000000000000000e+00
-2.250564081097605751e+00,5.000000000000000000e+00,2.000000000000000000e+00
9.233787237492270539e-02,1.000000000000000000e+00,2.000000000000000000e+00
2.396007946583030623e+00,5.000000000000000000e+00,2.000000000000000000e+00
1.386241487044463261e+00,1.000000000000000000e+00,2.000000000000000000e+00
-9.920956463104459166e-02,1.000000000000000000e+00,2.000000000000000000e+00
7.786325199719692058e+00,5.000000000000000000e+00,4.000000000000000000e+00
2.503049723547355221e+00,5.000000000000000000e+00,2.000000000000000000e+00
1.641053610359283876e+00,5.000000000000000000e+00,2.000000000000000000e+00
6.842107963102696644e+00,5.000000000000000000e+00,4.000000000000000000e+00
-1.390086480233357236e+00,1.000000000000000000e+00,2.000000000000000000e+00
-2.794279752607116141e-01,5.000000000000000000e+00,2.000000000000000000e+00
-1.602340719766897070e-01,1.000000000000000000e+00,4.000000000000000000e+00
8.660957590100169412e+00,5.000000000000000000e+00,4.000000000000000000e+00
7.397069382939436721e+00,5.000000000000000000e+00,4.000000000000000000e+00
7.396222524816804533e-01,1.000000000000000000e+00,2.000000000000000000e+00
2.957975727966235091e+00,1.000000000000000000e+00,4.000000000000000000e+00
2.150284037604532905e-01,5.000000000000000000e+00,2.000000000000000000e+00
9.788643596844115446e-02,1.000000000000000000e+00,4.000000000000000000e+00
6.245005216870378462e-01,1.000000000000000000e+00,4.000000000000000000e+00
3.006515316509507096e-01,5.000000000000000000e+00,2.000000000000000000e+00
6.739824815600867325e+00,5.000000000000000000e+00,4.000000000000000000e+00
1.284242695764550746e+00,1.000000000000000000e+00,4.000000000000000000e+00
6.171377276233140918e+00,5.000000000000000000e+00,4.000000000000000000e+00
6.283151108029241705e+00,5.000000000000000000e+00,4.000000000000000000e+00
1.634163921253518614e-01,1.000000000000000000e+00,4.000000000000000000e+00
1.826376632322595839e+00,1.000000000000000000e+00,4.000000000000000000e+00
1.484257002895926769e-01,5.000000000000000000e+00,2.000000000000000000e+00
2.168207949787293476e+00,1.000000000000000000e+00,4.000000000000000000e+00
1.735180454170132780e+00,5.000000000000000000e+00,2.000000000000000000e+00
1.394979847598063927e+00,5.000000000000000000e+00,2.000000000000000000e+00
4.717006335563814545e+00,5.000000000000000000e+00,4.000000000000000000e+00
9.932868305153239596e-01,1.000000000000000000e+00,4.000000000000000000e+00
6.602209900193211078e-01,1.000000000000000000e+00,4.000000000000000000e+00
1.426209887209501259e+00,5.000000000000000000e+00,2.000000000000000000e+00
6.314496320325605483e-01,1.000000000000000000e+00,2.000000000000000000e+00
-2.077128332617197704e-01,1.000000000000000000e+00,2.000000000000000000e+00
1.513930341578332062e+00,5.000000000000000000e+00,2.000000000000000000e+00
6.767285571083103690e-02,1.000000000000000000e+00,4.000000000000000000e+00
5.891233997303119141e-01,1.000000000000000000e+00,2.000000000000000000e+00
-3.769723788058912395e-01,1.000000000000000000e+00,2.000000000000000000e+00
-1.801327685398106393e-01,1.000000000000000000e+00,2.000000000000000000e+00
5.801883672996134278e-01,1.000000000000000000e+00,2.000000000000000000e+00
7.420621148285203361e+00,5.000000000000000000e+00,4.000000000000000000e+00
1.428926839428946050e+00,1.000000000000000000e+00,4.000000000000000000e+00
2.959919932368705098e+00,1.000000000000000000e+00,4.000000000000000000e+00
5.258057103290847412e-02,1.000000000000000000e+00,4.000000000000000000e+00
-5.985238468229308051e-01,5.000000000000000000e+00,2.000000000000000000e+00
8.335324376616627617e+00,5.000000000000000000e+00,4.000000000000000000e+00
1.431602634138230190e+00,5.000000000000000000e+00,2.000000000000000000e+00
-1.163256398105430023e-01,5.000000000000000000e+00,2.000000000000000000e+00
1.802499583893337753e+00,5.000000000000000000e+00,2.000000000000000000e+00
-1.093112546325893719e+00,1.000000000000000000e+00,2.000000000000000000e+00
2.673393506089616345e-02,1.000000000000000000e+00,4.000000000000000000e+00
2.669970540431338524e+00,1.000000000000000000e+00,4.000000000000000000e+00
5.327575054836514390e+00,5.000000000000000000e+00,4.000000000000000000e+00
-1.074463323765168177e+00,1.000000000000000000e+00,2.000000000000000000e+00
1.671037384947732907e+00,5.000000000000000000e+00,2.000000000000000000e+00
2.872108378359258474e+00,5.000000000000000000e+00,2.000000000000000000e+00
5.748474130949124294e+00,5.000000000000000000e+00,4.000000000000000000e+00
-2.020899226352321776e-01,5.000000000000000000e+00,2.000000000000000000e+00
2.294445879573397740e+00,5.000000000000000000e+00,2.000000000000000000e+00
6.885647393425068152e+00,5.000000000000000000e+00,4.000000000000000000e+00
1.030196020649865180e-01,1.000000000000000000e+00,2.000000000000000000e+00
6.242461226558014609e+00,5.000000000000000000e+00,4.000000000000000000e+00
-7.071975267708086044e-02,1.000000000000000000e+00,4.000000000000000000e+00
1.612249561248749519e+00,5.000000000000000000e+00,2.000000000000000000e+00
1.340215698692633683e+00,5.000000000000000000e+00,2.000000000000000000e+00
-9.021881574345314014e-01,1.000000000000000000e+00,2.000000000000000000e+00
2.403860290459671312e+00,5.000000000000000000e+00,2.000000000000000000e+00
-6.019594601015865187e-02,5.000000000000000000e+00,2.000000000000000000e+00
7.152678153063018129e+00,5.000000000000000000e+00,4.000000000000000000e+00
-1.518461325411467888e-01,1.000000000000000000e+00,2.000000000000000000e+00
1.864872180137194357e+00,1.000000000000000000e+00,2.000000000000000000e+00
-1.384312724210075007e+00,1.000000000000000000e+00,2.000000000000000000e+00
8.032852722534696843e-01,5.000000000000000000e+00,2.000000000000000000e+00
6.091421399236379486e+00,5.000000000000000000e+00,4.000000000000000000e+00
1.992148213916803190e+00,5.000000000000000000e+00,2.000000000000000000e+00
1.974441025597872268e-01,1.000000000000000000e+00,2.000000000000000000e+00
-1.192934752461669135e+00,1.000000000000000000e+00,2.000000000000000000e+00
8.986350912601464014e-01,1.000000000000000000e+00,4.000000000000000000e+00
3.166441222855198578e-01,1.000000000000000000e+00,4.000000000000000000e+00
7.019043615123965907e+00,5.000000000000000000e+00,4.000000000000000000e+00
3.286415283781313201e-01,5.000000000000000000e+00,2.000000000000000000e+00
7.946378850531730098e-01,5.000000000000000000e+00,2.000000000000000000e+00
1.414996367770856855e-01,1.000000000000000000e+00,2.000000000000000000e+00
7.315734201828915317e+00,5.000000000000000000e+00,4.000000000000000000e+00
-3.138947985016300457e+00,1.000000000000000000e+00,4.000000000000000000e+00
-8.118271067287139431e-01,1.000000000000000000e+00,4.000000000000000000e+00
1.342845827292369565e+00,1.000000000000000000e+00,4.000000000000000000e+00
1.260306169922750907e+00,1.000000000000000000e+00,4.000000000000000000e+00
7.898869749642051019e+00,5.000000000000000000e+00,4.000000000000000000e+00
7.921767621564209660e-01,5.000000000000000000e+00,2.000000000000000000e+00
8.136330274466455847e+00,5.000000000000000000e+00,4.000000000000000000e+00
6.535781700339536648e+00,5.000000000000000000e+00,4.000000000000000000e+00
5.268811834360800361e-01,1.000000000000000000e+00,2.000000000000000000e+00
7.285844813765819161e+00,5.000000000000000000e+00,4.000000000000000000e+00
7.339119334085736135e+00,5.000000000000000000e+00,4.000000000000000000e+00
3.553934796171013821e-01,1.000000000000000000e+00,2.000000000000000000e+00
7.054039140830350441e+00,5.000000000000000000e+00,4.000000000000000000e+00
1.919231875091818473e+00,1.000000000000000000e+00,4.000000000000000000e+00
1.463159321125667711e-01,5.000000000000000000e+00,2.000000000000000000e+00
1.872615564435917701e+00,1.000000000000000000e+00,4.000000000000000000e+00
6.582066771459263776e+00,5.000000000000000000e+00,4.000000000000000000e+00
8.318717432178287519e-01,1.000000000000000000e+00,4.000000000000000000e+00
1.364338656383706994e+00,1.000000000000000000e+00,2.000000000000000000e+00
-8.416534984266828279e-02,1.000000000000000000e+00,2.000000000000000000e+00
2.083174610570229568e+00,1.000000000000000000e+00,4.000000000000000000e+00
7.806052275104825577e-01,1.000000000000000000e+00,4.000000000000000000e+00
7.505752734305652041e+00,5.000000000000000000e+00,4.000000000000000000e+00
1.988939431133047719e-01,5.000000000000000000e+00,2.000000000000000000e+00
2.340303112026991261e-01,1.000000000000000000e+00,4.000000000000000000e+00
8.861159615075493434e-01,5.000000000000000000e+00,2.000000000000000000e+00
7.349619766092493123e+00,5.000000000000000000e+00,4.000000000000000000e+00
1.030290279562601219e-01,5.000000000000000000e+00,2.000000000000000000e+00
3.172483290731186178e-01,1.000000000000000000e+00,4.000000000000000000e+00
-1.597094613317031619e-01,5.000000000000000000e+00,2.000000000000000000e+00
7.036228773308515372e+00,5.000000000000000000e+00,4.000000000000000000e+00
-9.062106636752524924e-01,1.000000000000000000e+00,4.000000000000000000e+00
-3.094459949819413636e-01,1.000000000000000000e+00,2.000000000000000000e+00
5.175363485568077460e-01,1.000000000000000000e+00,2.000000000000000000e+00
9.616179315179905762e-01,1.000000000000000000e+00,4.000000000000000000e+00
1.280975049177230263e+00,1.000000000000000000e+00,2.000000000000000000e+00
7.293663429171909129e+00,5.000000000000000000e+00,4.000000000000000000e+00
7.700107633863365386e+00,5.000000000000000000e+00,4.000000000000000000e+00
1.758514666075749577e+00,1.000000000000000000e+00,4.000000000000000000e+00
-7.953156164519720184e-02,1.000000000000000000e+00,2.000000000000000000e+00
4.463456263952187975e-01,5.000000000000000000e+00,2.000000000000000000e+00
1.541441902716890189e+00,1.000000000000000000e+00,4.000000000000000000e+00
-4.344819349873370040e-01,1.000000000000000000e+00,4.000000000000000000e+00
1.125950926446737776e+00,1.000000000000000000e+00,4.000000000000000000e+00
6.896406830260258580e+00,5.000000000000000000e+00,4.000000000000000000e+00
2.133053602774570123e+00,1.000000000000000000e+00,4.000000000000000000e+00
1.225049163868777269e+00,5.000000000000000000e+00,2.000000000000000000e+00
5.062776316607688898e-01,1.000000000000000000e+00,4.000000000000000000e+00
2.671344480975580638e+00,1.000000000000000000e+00,4.000000000000000000e+00
9.587500756452575601e+00,5.000000000000000000e+00,4.000000000000000000e+00
6.246562905716757097e-01,5.000000000000000000e+00,2.000000000000000000e+00
2.894959496667504073e-02,5.000000000000000000e+00,2.000000000000000000e+00
1.374970014925679385e+00,5.000000000000000000e+00,2.000000000000000000e+00
5.172745928896245182e-01,1.000000000000000000e+00,2.000000000000000000e+00
7.166002713912861255e-01,1.000000000000000000e+00,4.000000000000000000e+00
-6.871126622153944652e-02,1.000000000000000000e+00,4.000000000000000000e+00
7.678410582217175540e-01,5.000000000000000000e+00,2.000000000000000000e+00
5.928724434140027810e+00,5.000000000000000000e+00,4.000000000000000000e+00
6.944107850717351482e-02,1.000000000000000000e+00,4.000000000000000000e+00
2.965672683386066932e-01,5.000000000000000000e+00,2.000000000000000000e+00
1.741781087845961862e+00,1.000000000000000000e+00,4.000000000000000000e+00
8.299839882407392677e-01,1.000000000000000000e+00,4.000000000000000000e+00
2.262309830285957446e+00,1.000000000000000000e+00,4.000000000000000000e+00
8.726480143223009911e-01,1.000000000000000000e+00,4.000000000000000000e+00
1.583487620153501751e+00,5.000000000000000000e+00,2.000000000000000000e+00
1.512682921056320851e+00,1.000000000000000000e+00,4.000000000000000000e+00
6.408649996982891395e-01,1.000000000000000000e+00,4.000000000000000000e+00
6.596695605534863560e+00,5.000000000000000000e+00,4.000000000000000000e+00
2.323494724073987827e-01,5.000000000000000000e+00,2.000000000000000000e+00
8.628481409082235931e-01,1.000000000000000000e+00,4.000000000000000000e+00
-5.351788347576871274e-01,5.000000000000000000e+00,2.000000000000000000e+00
1.778481094765961057e+00,1.000000000000000000e+00,4.000000000000000000e+00
8.291856641683338580e+00,5.000000000000000000e+00,4.000000000000000000e+00
-8.523470638057961679e-01,1.000000000000000000e+00,4.000000000000000000e+00
1.126352315025766604e+00,1.000000000000000000e+00,2.000000000000000000e+00
9.830333683059512495e+00,5.000000000000000000e+00,4.000000000000000000e+00
-3.509713598804769519e-01,1.000000000000000000e+00,2.000000000000000000e+00
6.378976349991962724e-01,1.000000000000000000e+00,2.000000000000000000e+00
-1.132184390175526856e+00,1.000000000000000000e+00,2.000000000000000000e+00
1.967258151160427015e-01,1.000000000000000000e+00,2.000000000000000000e+00
2.280926789022857282e+00,1.000000000000000000e+00,4.000000000000000000e+00
9.625261770232795833e-01,5.000000000000000000e+00,2.000000000000000000e+00
7.708610573029501367e+00,5.000000000000000000e+00,4.000000000000000000e+00
2.342337887594648116e+00,1.000000000000000000e+00,4.000000000000000000e+00
1.455601006601322300e+00,1.000000000000000000e+00,4.000000000000000000e+00
-5.851424176958212042e-01,1.000000000000000000e+00,2.000000000000000000e+00
7.195982556060913637e+00,5.000000000000000000e+00,4.000000000000000000e+00
2.463473384517306242e-01,1.000000000000000000e+00,4.000000000000000000e+00
2.233445496496364591e-01,1.000000000000000000e+00,4.000000000000000000e+00
3.942948322181183407e-01,1.000000000000000000e+00,4.000000000000000000e+00
8.548445345098611980e-01,1.000000000000000000e+00,2.000000000000000000e+00
7.582713281645883097e-01,5.000000000000000000e+00,2.000000000000000000e+00
-1.178446462534287892e-01,1.000000000000000000e+00,2.000000000000000000e+00
9.060754014556537950e-01,1.000000000000000000e+00,4.000000000000000000e+00
1.606169137378229195e+00,5.000000000000000000e+00,2.000000000000000000e+00
6.422039893154508405e+00,5.000000000000000000e+00,4.000000000000000000e+00
6.788177828856738039e+00,5.000000000000000000e+00,4.000000000000000000e+00
6.431971813166426521e+00,5.000000000000000000e+00,4.000000000000000000e+00
-1.525189451807277760e-02,1.000000000000000000e+00,2.000000000000000000e+00
4.077827606312132147e-01,1.000000000000000000e+00,2.000000000000000000e+00
9.800222171050514408e-01,5.000000000000000000e+00,2.000000000000000000e+00
-4.975917135407761371e-01,5.000000000000000000e+00,2.000000000000000000e+00
-6.104992441024326144e-01,1.000000000000000000e+00,2.000000000000000000e+00
6.788587705322187915e+00,5.000000000000000000e+00,4.000000000000000000e+00
-8.618253100635051567e-01,1.000000000000000000e+00,4.000000000000000000e+00
1.368574544541991678e+00,5.000000000000000000e+00,2.000000000000000000e+00
7.435429841305428944e+00,5.000000000000000000e+00,4.000000000000000000e+00
5.332411349282946134e-01,1.000000000000000000e+00,4.000000000000000000e+00
-7.533514397975427102e-02,5.000000000000000000e+00,2.000000000000000000e+00
4.014879316367560236e+00,5.000000000000000000e+00,2.000000000000000000e+00
7.162868989167456846e+00,5.000000000000000000e+00,4.000000000000000000e+00
8.333997535202041229e-01,5.000000000000000000e+00,2.000000000000000000e+00
1.068235314221034571e+00,1.000000000000000000e+00,4.000000000000000000e+00
2.102993170176928217e+00,1.000000000000000000e+00,4.000000000000000000e+00
7.740701057299081533e+00,5.000000000000000000e+00,4.000000000000000000e+00
-7.636111128464824205e-01,1.000000000000000000e+00,4.000000000000000000e+00
1.259233951070973134e+00,5.000000000000000000e+00,2.000000000000000000e+00
-1.012619465083672843e+00,1.000000000000000000e+00,2.000000000000000000e+00
5.145168583728395584e-01,5.000000000000000000e+00,2.000000000000000000e+00
7.420911009708198947e+00,5.000000000000000000e+00,4.000000000000000000e+00
1.577156553465016264e+00,5.000000000000000000e+00,2.000000000000000000e+00
6.706203156482169803e+00,5.000000000000000000e+00,4.000000000000000000e+00
4.862727532122161356e-01,1.000000000000000000e+00,2.000000000000000000e+00
6.953462709850379397e+00,5.000000000000000000e+00,4.000000000000000000e+00
1.264458886872454446e+00,1.000000000000000000e+00,4.000000000000000000e+00
4.931686100682426410e-01,1.000000000000000000e+00,4.000000000000000000e+00
1.742784227317132340e-01,5.000000000000000000e+00,2.000000000000000000e+00
1.449012669515608864e-01,1.000000000000000000e+00,2.000000000000000000e+00
8.863035764611312262e-01,5.000000000000000000e+00,2.000000000000000000e+00
-1.889250975433729218e+00,1.000000000000000000e+00,2.000000000000000000e+00
-1.717788796465118395e-01,5.000000000000000000e+00,2.000000000000000000e+00
-5.305755253840338526e-01,1.000000000000000000e+00,4.000000000000000000e+00
6.791689196080669788e+00,5.000000000000000000e+00,4.000000000000000000e+00
6.457024790346710397e+00,5.000000000000000000e+00,4.000000000000000000e+00
2.109564406375986856e+00,1.000000000000000000e+00,4.000000000000000000e+00
